Workbook

Sheet DEVIS WMS
A1: MONSTER GARAGE
F8: Numéro client : | G8: 0600
A9: Devis n°: | B9: 22/04226 | F9: Client: | G9: COMMUNE HARBIL
A10: Date: | B10: 46114 | F10: ICE n°:
A11: Véhicule | B11: DACIA LOGAN | F11: Adresse:
A12: Immatriculation | B12: 204318 - J
A13: Kilométrage | B13: 246235
A15: Désignation | C15: Qté | D15: Prix HT | F15: Prix HT total | G15: TVA | H15: Total TTC
A16: HUILE MOTEUR | C16: 5 | D16: 180 | F16: =+D16*C16 -> 900 | G16: 0.2 | H16: =+F16+(F16*G16) -> 1080
A17: FILTRE A HUILE | C17: 1 | D17: 232 | F17: =+D17*C17 -> 232 | G17: 0.2 | H17: =+F17+(F17*G17) -> 278.4
A18: SERRURES PORTIERES | C18: 4 | D18: 1010 | F18: =+D18*C18 -> 4040 | G18: 0.2 | H18: =+F18+(F18*G18) -> 4848
A19: KIT AMPOULES | C19: 2 | D19: 150 | F19: =+D19*C19 -> 300 | G19: 0.2 | H19: =+F19+(F19*G19) -> 360
A20: LUSTAGE OPTIQUES AVANT | C20: 2 | D20: 180 | F20: =+D20*C20 -> 360 | G20: 0.2 | H20: =+F20+(F20*G20) -> 432
A21: ENTRETIEN SERRURES | C21: 1 | D21: 855 | F21: =+D21*C21 -> 855 | G21: 0.2 | H21: =+F21+(F21*G21) -> 1026 | L21: =14300+2500+800 -> 17600
A22: COMMODO KLAXON | C22: 1 | D22: 365 | F22: =+D22*C22 -> 365 | G22: 0.2 | H22: =+F22+(F22*G22) -> 438
A23: TETE INJECTEURS | C23: 1 | D23: 950 | F23: =+D23*C23 -> 950 | G23: 0.2 | H23: =+F23+(F23*G23) -> 1140
A24: MAIN D'ŒUVRE GENERALE | C24: 1 | D24: 300 | F24: =+D24*C24 -> 300 | G24: 0.2 | H24: =+F24+(F24*G24) -> 360
E28: Total HT | G28: =SUM(F16:F26) -> 8302
E29: TVA | G29: =+G28*0.2 -> 1660.4
E30: Total TTC | G30: =+G28+G29 -> 9962.4
A32: Arrêté le présent devis à la somme de:Neuf mille neuf cent soixante deux dirhams quarante centimes TTC | M32: 1077
A34: Devis reçu avant l'exécution des travaux
F41: Date :
F44: Bon pour accord
F47: Signature client
A55: RC: 150241 / IF: 65976431 / ICE: 003524622000063 / Patente: 64006750
A56: Adresse: Quartier industriel, sidi ghanem N 534 Bis 2, Marrakech
A57: Tél: 0661 10 90 31 / 0660 63 78 64 / E-mail : MonstergarageWMS@gmail.com

Sheet DEVIS AMANE AUTO
C10: Fait à MARRAKECH le | D10: 46114
A12: Matricule | B12: J204318 | D12: Client | E12: COMMUNE HARBIL
A15: NBRE | C15: DESIGNATION | D15: Prix HT | F15: Prix HT total
A16: 1 | C16: PC AVNT | D16: 1500 | F16: =+D16*A16 -> 1500
A17: 1 | C17: OP AVG | D17: 1000 | F17: =+D17*A17 -> 1000
A18: 1 | C18: AILE AVG | D18: 1000 | F18: =+D18*A18 -> 1000
A19: 1 | C19: CALANDRE AV | D19: 1020 | F19: =+D19*A19 -> 1020
A20: 1 | C20: JUPE PC AV | D20: 1300 | F20: =+D20*A20 -> 1300
A21: 1 | C21: GRILLE PC AV | D21: 900 | F21: =+D21*A21 -> 900
A22: 1 | C22: FEU ANTIBTROUILLARD AVG | D22: 500 | F22: =+D22*A22 -> 500
A23: 1 | C23: DRESSAGE PORTE ARG | D23: 800 | F23: =+D23*A23 -> 800
A24: 1 | C24: DRESSAGE AILE ARG | D24: 800 | F24: =+D24*A24 -> 800
A25: 1 | C25: KIT AMPOULES | D25: 200 | F25: =+D25*A25 -> 200
C27: Total HT | E27: =SUM(F16:F26) -> 9020
C28: TVA | E28: =+E27*0.2 -> 1804
C29: Total TTC | E29: =+E27+E28 -> 10824
A31: Arrêté le présent devis à la somme de:Dix mille huit cent vingt quatre dirhams TTC

Sheet DEVIS C RENOVA
C11: Marrakech le | E11: 46114
A14: Client | B14: COMMUNE HARBIL
A15: Matricule | B15: 204318- J
A16: Marque | B16: DACIA LOGAN
A21: Désignation | C21: Qté | D21: Prix HT | F21: Prix HT total
A22: PARE CHOC AVANT | C22: 1 | D22: 1600 | F22: =+C22*D22 -> 1600
A23: OPTIQUE AVG | C23: 1 | D23: 1030 | F23: =+C23*D23 -> 1030
A24: AILE AVG | C24: 1 | D24: 1010 | F24: =+C24*D24 -> 1010
A25: CALANDRE AVANT | C25: 1 | D25: 1040 | F25: =+C25*D25 -> 1040
A26: JUPE PARE CHOC AVANT | C26: 1 | D26: 1300 | F26: =+C26*D26 -> 1300
A27: GRILLE PARE CHOC AVANT | C27: 1 | D27: 960 | F27: =+C27*D27 -> 960
A28: FEU ANTIBROUILLARD AVG | C28: 1 | D28: 400 | F28: =+C28*D28 -> 400
A29: DRESSAGE PORTE ARG | C29: 1 | D29: 800 | F29: =+C29*D29 -> 800
A30: DRESSAGE AILE ARG | C30: 1 | D30: 800 | F30: =+C30*D30 -> 800
A31: KIT AMPOULES | C31: 1 | D31: 200 | F31: =+C31*D31 -> 200
C40: Total HT | E40: =SUM(F22:F34) -> 9140
C41: TVA | E41: =+E40*0.2 -> 1828
C42: Total TTC | E42: =+E40+E41 -> 10968
C45: Arrêté le présent devis à la somme de:
C46: Dix mille neuf cent soixante huit dirhams TTC

Sheet FACTURE
A1: MONSTER GARAGE
B7: FACTURE N° : | C7: 20260100
B8: Date : | C8: 46114
D10: N° client : | E10: =+'DEVIS WMS'!G8 -> 0600
D11: Client : | E11: COMMUNE HARBIL
B15: Véhicule | C15: =+'DEVIS WMS'!B11 -> DACIA LOGAN
B16: Immatriculation | C16: =+'DEVIS WMS'!B12 -> 204318 - J
B17: Kilométrage | C17: =+'DEVIS WMS'!B13 -> 246235
B21: Nb | C21: Désignation | E21: Prix unitaire HT | F21: Total HT
B22: =+'DEVIS WMS'!C16 -> 5 | C22: =+'DEVIS WMS'!A16 -> HUILE MOTEUR | E22: =+'DEVIS WMS'!D16 -> 180 | F22: =+E22*B22 -> 900
B23: =+'DEVIS WMS'!C17 -> 1 | C23: =+'DEVIS WMS'!A17 -> FILTRE A HUILE | E23: =+'DEVIS WMS'!D17 -> 232 | F23: =+E23*B23 -> 232
B24: =+'DEVIS WMS'!C18 -> 4 | C24: =+'DEVIS WMS'!A18 -> SERRURES PORTIERES | E24: =+'DEVIS WMS'!D18 -> 1010 | F24: =+E24*B24 -> 4040
B25: =+'DEVIS WMS'!C19 -> 2 | C25: =+'DEVIS WMS'!A19 -> KIT AMPOULES | E25: =+'DEVIS WMS'!D19 -> 150 | F25: =+E25*B25 -> 300
B26: =+'DEVIS WMS'!C20 -> 2 | C26: =+'DEVIS WMS'!A20 -> LUSTAGE OPTIQUES AVANT | E26: =+'DEVIS WMS'!D20 -> 180 | F26: =+E26*B26 -> 360
B27: =+'DEVIS WMS'!C21 -> 1 | C27: =+'DEVIS WMS'!A21 -> ENTRETIEN SERRURES | E27: =+'DEVIS WMS'!D21 -> 855 | F27: =+E27*B27 -> 855
B28: =+'DEVIS WMS'!C22 -> 1 | C28: =+'DEVIS WMS'!A22 -> COMMODO KLAXON | E28: =+'DEVIS WMS'!D22 -> 365 | F28: =+E28*B28 -> 365
B29: =+'DEVIS WMS'!C23 -> 1 | C29: =+'DEVIS WMS'!A23 -> TETE INJECTEURS | E29: =+'DEVIS WMS'!D23 -> 950 | F29: =+E29*B29 -> 950
B30: =+'DEVIS WMS'!C24 -> 1 | C30: =+'DEVIS WMS'!A24 -> MAIN D'ŒUVRE GENERALE | E30: =+'DEVIS WMS'!D24 -> 300 | F30: =+E30*B30 -> 300
E32: Total HT | F32: =SUM(F22:F30) -> 8302
E33: TVA 20% | F33: =+F32*0.2 -> 1660.4
E34: Total TTC | F34: =+F32+F33 -> 9962.4
A39: Arrêté la présente facture à la somme de:Neuf mille neuf cent soixante deux dirhams quarante centimes TTC
A58: RC: 150241 / IF: 65976431 / ICE: 003524622000063 / Patente: 64006750
A59: Adresse: Quartier industriel, sidi ghanem N 534 Bis 2, Marrakech
A60: Tél: 0661 10 90 31 / 0660 63 78 64 / E-mail : MonstergarageWMS@gmail.com

Sheet BON LIVRAISON
A1: MONSTER GARAGE
B7: BL N° | C7: 20260100
B8: Date : | C8: 46114
D10: =+FACTURE!D10 -> N° client : | E10: =+FACTURE!E10 -> 0600
D11: Client : | E11: COMMUNE HARBIL
B15: Véhicule | C15: =+'DEVIS WMS'!B11 -> DACIA LOGAN
B16: Immatriculation | C16: =+'DEVIS WMS'!B12 -> 204318 - J
B17: Kilométrage | C17: =+'DEVIS WMS'!B13 -> 246235
B21: Nb | C21: Désignation
B22: =+'DEVIS WMS'!C16 -> 5 | C22: =+'DEVIS WMS'!A16 -> HUILE MOTEUR
B23: =+'DEVIS WMS'!C17 -> 1 | C23: =+'DEVIS WMS'!A17 -> FILTRE A HUILE
B24: =+'DEVIS WMS'!C18 -> 4 | C24: =+'DEVIS WMS'!A18 -> SERRURES PORTIERES
B25: =+'DEVIS WMS'!C19 -> 2 | C25: =+'DEVIS WMS'!A19 -> KIT AMPOULES
B26: =+'DEVIS WMS'!C20 -> 2 | C26: =+'DEVIS WMS'!A20 -> LUSTAGE OPTIQUES AVANT
B27: =+'DEVIS WMS'!C21 -> 1 | C27: =+'DEVIS WMS'!A21 -> ENTRETIEN SERRURES
B28: =+'DEVIS WMS'!C22 -> 1 | C28: =+'DEVIS WMS'!A22 -> COMMODO KLAXON
B29: =+'DEVIS WMS'!C23 -> 1 | C29: =+'DEVIS WMS'!A23 -> TETE INJECTEURS
B30: =+'DEVIS WMS'!C24 -> 1 | C30: =+'DEVIS WMS'!A24 -> MAIN D'ŒUVRE GENERALE
E36: Signature client
A49: RC: 150241 / IF: 65976431 / ICE: 003524622000063 / Patente: 64006750
A50: Adresse: Quartier industriel, sidi ghanem N 534 Bis 2, Marrakech
A51: Tél: 0661 10 90 31 / 0660 63 78 64 / E-mail : MonstergarageWMS@gmail.com
